{"cameraMode":{"drawMode":0,"name":"Shaded","section":"Shading Mode"},"sceneLighting":true,"audioPlay":false,"sceneViewState":{"showFog":true,"showMaterialUpdate":true,"showSkybox":true,"showFlares":true,"showImageEffects":true,"showParticleSystems":true},"in2DMode":false,"pivot":{"x":16.745241165161134,"y":4.593223571777344,"z":-22.86095428466797},"rotation":{"x":-0.1913098841905594,"y":-0.7618758082389832,"z":0.5618187785148621,"w":-0.25943323969841006},"size":59.83646011352539,"orthographic":false}