{"cameraMode":{"drawMode":0,"name":"Shaded","section":"Shading Mode"},"sceneLighting":true,"audioPlay":false,"sceneViewState":{"showFog":true,"showMaterialUpdate":true,"showSkybox":true,"showFlares":true,"showImageEffects":true,"showParticleSystems":true},"in2DMode":false,"pivot":{"x":-0.34050047397613528,"y":1.8983956575393677,"z":-2.252817392349243},"rotation":{"x":-0.2572663128376007,"y":-0.1898166835308075,"z":0.051615022122859958,"w":-0.9461076259613037},"size":3.4254648685455324,"orthographic":false}