{"cameraMode":{"drawMode":0,"name":"Shaded","section":"Shading Mode"},"sceneLighting":true,"audioPlay":false,"sceneViewState":{"showFog":true,"showMaterialUpdate":true,"showSkybox":true,"showFlares":true,"showImageEffects":true,"showParticleSystems":true},"in2DMode":false,"pivot":{"x":-1.9172199964523316,"y":1.0425113439559937,"z":-0.013954401016235352},"rotation":{"x":-0.2572663128376007,"y":-0.1898166835308075,"z":0.051615022122859958,"w":-0.9461076259613037},"size":3.7254648208618166,"orthographic":false}