{"cameraMode":{"drawMode":0,"name":"Shaded","section":"Shading Mode"},"sceneLighting":true,"audioPlay":false,"sceneViewState":{"showFog":true,"showMaterialUpdate":true,"showSkybox":true,"showFlares":true,"showImageEffects":true,"showParticleSystems":true},"in2DMode":false,"pivot":{"x":0.760845422744751,"y":0.7702465653419495,"z":0.023139894008636476},"rotation":{"x":-0.20202399790287019,"y":-0.4774177074432373,"z":0.11380093544721604,"w":-0.8475305438041687},"size":10.722125053405762,"orthographic":false}