{"cameraMode":{"drawMode":0,"name":"Shaded","section":"Shading Mode"},"sceneLighting":true,"audioPlay":false,"sceneViewState":{"showFog":true,"showMaterialUpdate":true,"showSkybox":true,"showFlares":true,"showImageEffects":true,"showParticleSystems":true},"in2DMode":false,"pivot":{"x":-84.69609832763672,"y":-164.59190368652345,"z":38.21031188964844},"rotation":{"x":0.3790418803691864,"y":-0.37454336881637576,"z":-0.17131991684436799,"w":-0.8286700248718262},"size":99.06306457519531,"orthographic":false}