{"cameraMode":{"drawMode":0,"name":"Shaded","section":"Shading Mode"},"sceneLighting":true,"audioPlay":false,"sceneViewState":{"showFog":true,"showMaterialUpdate":false,"showSkybox":true,"showFlares":true,"showImageEffects":true,"showParticleSystems":true},"in2DMode":false,"pivot":{"x":6.739999771118164,"y":0.28999996185302737,"z":3.0},"rotation":{"x":0.1514904797077179,"y":-0.8401229977607727,"z":0.4271748661994934,"w":0.2979357838630676},"size":13.631834030151368,"orthographic":false}