{"cameraMode":{"drawMode":0,"name":"Shaded","section":"Shading Mode"},"sceneLighting":false,"audioPlay":false,"sceneViewState":{"showFog":true,"showMaterialUpdate":false,"showSkybox":true,"showFlares":true,"showImageEffects":true,"showParticleSystems":true},"in2DMode":false,"pivot":{"x":0.0,"y":3.0199999809265138,"z":1.8509999513626099},"rotation":{"x":-0.30255210399627688,"y":0.4969092011451721,"z":-0.19010664522647859,"w":-0.7908242344856262},"size":2.8578834533691408,"orthographic":false}