{"cameraMode":{"drawMode":0,"name":"Shaded","section":"Shading Mode"},"sceneLighting":false,"audioPlay":false,"sceneViewState":{"showFog":true,"showMaterialUpdate":false,"showSkybox":true,"showFlares":true,"showImageEffects":true,"showParticleSystems":true},"in2DMode":false,"pivot":{"x":0.8485867977142334,"y":1.202715516090393,"z":2.6529388427734377},"rotation":{"x":-0.02718161605298519,"y":0.4589017331600189,"z":0.014047563076019287,"w":0.8879600763320923},"size":2.092236280441284,"orthographic":false}