{"cameraMode":{"drawMode":0,"name":"Shaded","section":"Shading Mode"},"sceneLighting":false,"audioPlay":false,"sceneViewState":{"showFog":true,"showMaterialUpdate":false,"showSkybox":true,"showFlares":true,"showImageEffects":true,"showParticleSystems":true},"in2DMode":false,"pivot":{"x":7.2202887535095219,"y":0.7876560688018799,"z":0.0},"rotation":{"x":0.067367322742939,"y":-0.6386781930923462,"z":0.05628373101353645,"w":0.7644501328468323},"size":3.4254648685455324,"orthographic":false}