{"cameraMode":{"drawMode":0,"name":"Shaded","section":"Shading Mode"},"sceneLighting":true,"audioPlay":false,"sceneViewState":{"showFog":true,"showMaterialUpdate":false,"showSkybox":true,"showFlares":true,"showImageEffects":true,"showParticleSystems":true},"in2DMode":false,"pivot":{"x":0.17999982833862306,"y":1.4299999475479127,"z":-0.005000114440917969},"rotation":{"x":0.2952934205532074,"y":-0.5870874524116516,"z":0.24297276139259339,"w":0.7135085463523865},"size":0.7784404158592224,"orthographic":false}