{"cameraMode":{"drawMode":0,"name":"Shaded","section":"Shading Mode"},"sceneLighting":false,"audioPlay":false,"sceneViewState":{"showFog":true,"showMaterialUpdate":false,"showSkybox":true,"showFlares":true,"showImageEffects":true,"showParticleSystems":true},"in2DMode":false,"pivot":{"x":0.0,"y":0.8358873724937439,"z":0.012458637356758118},"rotation":{"x":0.027798961848020555,"y":0.9614593386650086,"z":-0.2521689534187317,"w":0.10599076002836228},"size":4.456679821014404,"orthographic":false}