{"cameraMode":{"drawMode":0,"name":"Shaded","section":"Shading Mode"},"sceneLighting":false,"audioPlay":false,"sceneViewState":{"showFog":true,"showMaterialUpdate":false,"showSkybox":true,"showFlares":true,"showImageEffects":true,"showParticleSystems":true},"in2DMode":false,"pivot":{"x":3.249722957611084,"y":1.8920650482177735,"z":-3.9198663234710695},"rotation":{"x":0.0024606692604720594,"y":-0.5720450282096863,"z":0.001716138212941587,"w":0.820216715335846},"size":5.989255428314209,"orthographic":false}