{"cameraMode":{"drawMode":0,"name":"Shaded","section":"Shading Mode"},"sceneLighting":true,"audioPlay":false,"sceneViewState":{"showFog":true,"showMaterialUpdate":false,"showSkybox":true,"showFlares":true,"showImageEffects":true,"showParticleSystems":true},"in2DMode":false,"pivot":{"x":1.7960000038146973,"y":1.7030000686645508,"z":-6.293999671936035},"rotation":{"x":-0.08562608063220978,"y":0.9001444578170776,"z":-0.2060210406780243,"w":-0.374116986989975},"size":24.006223678588868,"orthographic":false}